City_ID,City,Country,Lat,Lng,Max Temp,Humidity,Cloudiness,Wind Speed,Current Description
0,Vardo,NO,70.3705,31.1107,17.6,73,20,9.22,few clouds
1,Itoman,JP,26.1247,127.6694,68.0,64,40,20.71,scattered clouds
2,Komatipoort,ZA,-25.4332,31.9548,73.0,98,78,7.25,light rain
3,Tuktoyaktuk,CA,69.4541,-133.0374,-5.8,77,90,10.36,light snow
4,Turbat,PK,26.0023,63.044,60.42,51,0,4.07,clear sky
5,Cherskiy,RU,68.75,161.3,-5.19,91,92,2.21,overcast clouds
6,Ushuaia,AR,-54.8,-68.3,50.0,62,40,12.66,scattered clouds
7,Rikitea,PF,-23.1203,-134.9692,80.31,76,99,15.93,light rain
8,Goderich,CA,43.7501,-81.7165,17.6,73,100,8.05,overcast clouds
9,Mataura,NZ,-46.1927,168.8643,59.0,75,100,11.01,overcast clouds
10,Feuchtwangen,DE,49.1667,10.3333,21.2,86,1,5.75,clear sky
11,Qaanaaq,GL,77.484,-69.3632,6.84,90,99,3.96,overcast clouds
12,Punta Arenas,CL,-53.15,-70.9167,50.0,66,40,17.27,scattered clouds
13,Chokurdakh,RU,70.6333,147.9167,-7.49,90,100,12.41,overcast clouds
14,Port Alfred,ZA,-33.5906,26.891,69.01,95,100,3.0,light rain
15,Busselton,AU,-33.65,115.3333,75.11,59,100,7.2,overcast clouds
16,Kamaishi,JP,39.2667,141.8833,37.4,87,75,2.3,moderate rain
17,Abu Kamal,SY,34.4506,40.9171,57.43,47,0,8.37,clear sky
18,San Ramon,US,37.7799,-121.978,55.4,58,90,6.91,overcast clouds
19,Baruun-Urt,MN,46.6806,113.2792,-7.01,86,100,7.2,overcast clouds
20,Arraial Do Cabo,BR,-22.9661,-42.0278,75.2,88,0,5.75,light rain
21,Airai,TL,-8.9266,125.4092,68.65,86,93,3.02,overcast clouds
22,Riccione,IT,44.0051,12.6447,33.01,59,20,6.91,few clouds
23,Barrow,US,71.2906,-156.7887,-11.2,70,90,5.75,overcast clouds
24,Nikolskoye,RU,59.7035,30.7861,3.2,78,75,8.95,light snow
25,Phalaborwa,ZA,-23.943,31.1411,73.4,94,100,5.75,light rain
26,Hatillo,PR,18.4863,-66.8254,75.99,78,40,11.5,scattered clouds
27,Mandalgovi,MN,45.7625,106.2708,16.88,84,81,21.41,broken clouds
28,Torbay,CA,47.6666,-52.7314,23.0,79,75,11.5,broken clouds
29,Taitung,TW,22.7583,121.1444,64.4,88,75,4.61,broken clouds
30,Mehamn,NO,71.0357,27.8492,25.27,96,100,9.1,light snow
31,Saldanha,ZA,-33.0117,17.9442,64.4,77,0,5.75,clear sky
32,Tommot,RU,58.9564,126.2925,-12.95,85,100,5.86,overcast clouds
33,San Jose,US,37.3394,-121.895,57.2,47,90,3.0,overcast clouds
34,Atuona,PF,-9.8,-139.0333,79.16,73,1,11.27,clear sky
35,Faya,SA,18.3851,42.4509,57.2,62,0,8.05,clear sky
36,Oschersleben,DE,52.0333,11.25,15.01,88,100,3.0,overcast clouds
37,Albany,US,42.6001,-73.9662,26.01,58,100,5.01,overcast clouds
38,Hobart,AU,-42.8794,147.3294,64.0,72,75,5.75,broken clouds
39,Wonthaggi,AU,-38.6044,145.5913,75.0,65,2,11.48,clear sky
40,Victoria,HK,22.2855,114.1577,69.01,75,0,4.12,clear sky
41,Boa Vista,BR,2.8197,-60.6733,84.2,58,40,11.5,scattered clouds
42,Yurimaguas,PE,-5.9,-76.0833,79.02,77,100,1.68,overcast clouds
43,Esperance,AU,-33.8667,121.9,69.8,56,21,12.66,few clouds
44,Kupang,ID,-10.1667,123.5833,82.4,94,40,8.05,scattered clouds
45,Hermanus,ZA,-34.4187,19.2345,63.0,74,70,3.0,broken clouds
46,Constitucion,CL,-35.3333,-72.4167,57.36,84,0,7.81,clear sky
47,Vaini,TO,-21.2,-175.2,86.0,74,40,8.05,light rain
48,Dubbo,AU,-32.25,148.6167,75.2,43,0,17.27,clear sky
49,Alice Springs,AU,-23.7,133.8833,87.01,23,0,14.97,clear sky
50,Deputatskiy,RU,69.3,139.9,-5.71,93,100,2.98,light snow
51,Dikson,RU,73.5069,80.5464,-19.97,87,100,13.94,overcast clouds
52,Yarada,IN,17.65,83.2667,66.2,100,68,2.3,mist
53,Puerto Ayora,EC,-0.7393,-90.3518,75.99,94,58,1.99,broken clouds
54,Kenai,US,60.5544,-151.2583,25.0,54,1,13.8,clear sky
55,Dunedin,NZ,-45.8742,170.5036,60.01,84,79,1.01,broken clouds
56,Shingu,JP,33.7333,135.9833,55.4,94,75,23.02,mist
57,Kapaa,US,22.0752,-159.319,78.8,73,1,11.5,clear sky
58,Dzerzhinskoye,RU,56.8344,95.2283,-16.89,88,79,3.38,broken clouds
59,Bella Union,UY,-30.2752,-57.6007,74.14,68,85,3.85,overcast clouds
60,Bilibino,RU,68.0546,166.4372,3.94,88,96,1.14,overcast clouds
61,Cape Town,ZA,-33.9258,18.4232,66.99,52,75,5.75,broken clouds
62,Belaya Gora,RU,68.5333,146.4167,-13.04,90,100,7.02,overcast clouds
63,Georgetown,MY,5.4112,100.3354,78.8,83,20,3.44,few clouds
64,Amahai,ID,-3.3333,128.9167,82.38,74,99,5.28,overcast clouds
65,Geraldton,AU,-28.7667,114.6,78.8,65,0,12.66,clear sky
66,Vostok,RU,46.4856,135.8833,11.12,96,100,4.41,light snow
67,Mishelevka,RU,52.8575,103.1719,-5.75,89,98,7.63,overcast clouds
68,Mahasamund,IN,21.1,82.1,61.36,45,0,3.74,clear sky
69,Hilo,US,19.7297,-155.09,80.6,65,40,12.66,scattered clouds
70,Mahebourg,MU,-20.4081,57.7,73.4,94,40,5.95,scattered clouds
71,Nanortalik,GL,60.1432,-45.2371,22.87,93,35,8.39,scattered clouds
72,Tuatapere,NZ,-46.1333,167.6833,59.0,75,100,11.01,overcast clouds
73,Chuy,UY,-33.6971,-53.4616,69.84,90,100,4.7,heavy intensity rain
74,Jamestown,US,42.097,-79.2353,19.0,73,1,3.67,clear sky
75,Norman Wells,CA,65.282,-126.8329,-13.0,77,75,2.3,light snow
76,Parksville,CA,49.3163,-124.3195,35.6,89,100,24.16,light snow
77,Vytegra,RU,61.0064,36.4481,-11.11,89,19,4.47,few clouds
78,Saint-Georges,GD,12.0564,-61.7485,78.8,78,40,17.27,scattered clouds
79,Luwuk,ID,-0.9516,122.7875,84.43,66,92,0.81,overcast clouds
80,Upernavik,GL,72.7868,-56.1549,-1.71,91,100,2.53,overcast clouds
81,Lebu,CL,-37.6167,-73.65,57.94,81,0,18.19,clear sky
82,Meulaboh,ID,4.1363,96.1285,77.13,86,79,5.37,broken clouds
83,Bethel,US,41.3712,-73.414,33.8,64,90,4.61,overcast clouds
84,Rustenburg,ZA,-25.6676,27.2421,70.72,78,100,3.36,overcast clouds
85,Nhulunbuy,AU,-12.2333,136.7667,84.2,79,75,9.22,broken clouds
86,Kitob,UZ,39.0843,66.8332,44.6,61,0,4.61,clear sky
87,Severo-Kurilsk,RU,50.6789,156.125,26.64,94,82,10.74,light snow
88,Bluff,NZ,-46.6,168.3333,59.0,75,91,11.01,overcast clouds
89,Bandarbeyla,SO,9.4942,50.8122,73.51,74,53,8.12,broken clouds
90,Castro,BR,-24.7911,-50.0119,62.62,95,2,4.36,clear sky
91,Bambous Virieux,MU,-20.3428,57.7575,75.99,94,40,5.23,scattered clouds
92,Saskylakh,RU,71.9167,114.0833,-20.61,85,100,13.51,overcast clouds
93,Angoram,PG,-4.0625,144.0661,79.18,89,100,1.88,overcast clouds
94,Balykshi,KZ,47.0667,51.8667,26.6,86,96,6.71,mist
95,Sawtell,AU,-30.3833,153.1,78.01,57,75,20.71,broken clouds
96,Butaritari,KI,3.0707,172.7902,80.08,78,95,19.48,overcast clouds
97,Hit,IQ,33.6416,42.8251,60.44,43,0,5.97,clear sky
98,Santa Cruz,BO,-17.8,-63.1667,78.8,83,75,5.75,broken clouds
99,Touros,BR,-5.1989,-35.4608,80.6,78,20,6.91,few clouds
100,Sitka,US,57.0531,-135.33,35.6,44,90,6.91,overcast clouds
101,Khatanga,RU,71.9667,102.5,-37.05,83,44,1.19,scattered clouds
102,Bredasdorp,ZA,-34.5322,20.0403,62.6,72,4,9.22,clear sky
103,Da Lat,VN,11.9465,108.4419,62.69,51,78,1.95,broken clouds
104,Port Blair,IN,11.6667,92.75,77.0,88,40,2.3,mist
105,La Rioja,ES,42.25,-2.5,46.4,87,90,16.11,overcast clouds
106,Hendaye,FR,43.3717,-1.7738,57.2,54,0,10.36,clear sky
107,San Quintin,MX,30.4833,-115.95,58.57,65,87,16.8,overcast clouds
108,Chimbote,PE,-9.0853,-78.5783,72.25,80,31,7.96,scattered clouds
109,Sinnamary,GF,5.3833,-52.95,77.65,82,100,15.21,overcast clouds
110,New Norfolk,AU,-42.7826,147.0587,64.0,66,100,1.99,overcast clouds
111,Mahanoro,MG,-19.9,48.8,73.51,88,100,5.32,overcast clouds
112,Midland,US,31.9974,-102.0779,6.8,72,1,10.36,clear sky
113,Yangambi,CD,0.8102,24.4336,73.94,80,100,2.42,overcast clouds
114,Fortuna,US,40.5982,-124.1573,48.99,100,90,17.27,overcast clouds
115,Pangoa,PE,-12.1167,-73.0,70.66,94,100,1.16,overcast clouds
116,Port-Cartier,CA,50.0334,-66.8654,14.0,79,90,3.44,light snow
117,Loreto,MX,22.2667,-101.9667,58.21,30,0,17.29,clear sky
118,Strezhevoy,RU,60.7333,77.5889,6.8,85,90,17.9,heavy snow
119,Verkhnyaya Inta,RU,65.9811,60.3094,-9.42,84,100,15.55,overcast clouds
120,Pevek,RU,69.7008,170.3133,-18.11,86,0,1.43,clear sky
121,Torrevieja,ES,37.9787,-0.6822,57.0,79,88,3.0,overcast clouds
122,Cody,US,44.5263,-109.0565,-2.0,71,90,5.75,overcast clouds
123,Vao,NC,-22.6667,167.4833,79.79,77,70,11.43,broken clouds
124,Hervey Bay,AU,-25.2986,152.8535,79.0,72,100,8.99,overcast clouds
125,Chittaurgarh,IN,24.8833,74.6333,58.78,33,0,2.15,clear sky
126,Bam,IR,29.106,58.357,55.83,31,0,7.47,clear sky
127,Richards Bay,ZA,-28.783,32.0377,75.22,94,96,3.94,light rain
128,College,US,64.8569,-147.8028,7.0,71,1,1.05,clear sky
129,Gat,IL,31.61,34.7642,57.0,100,2,1.03,clear sky
130,Tiksi,RU,71.6872,128.8694,-20.25,88,98,6.29,overcast clouds
131,Nabire,ID,-3.3667,135.4833,86.25,58,96,2.42,overcast clouds
132,Ushtobe,KZ,45.2514,77.9838,24.89,88,0,4.12,clear sky
133,Sarangani,PH,5.4033,125.4636,79.9,82,100,7.83,overcast clouds
134,Lagos,NG,6.5833,3.75,79.65,85,0,5.26,clear sky
135,Ambulu,ID,-8.345,113.6058,80.33,79,56,2.82,broken clouds
136,Turukhansk,RU,65.8167,87.9833,-28.28,78,6,11.68,clear sky
137,Oum Hadjer,TD,13.2954,19.6966,73.67,20,0,8.23,clear sky
138,Leh,IN,34.1667,77.5833,6.33,73,52,2.42,broken clouds
139,Buchanan,LR,5.8808,-10.0467,79.61,86,0,6.24,clear sky
140,Sioux Falls,US,43.55,-96.7003,-11.2,53,40,4.61,scattered clouds
141,Natal,BR,-5.795,-35.2094,80.6,78,40,10.36,scattered clouds
142,Zamora,EC,-4.0692,-78.9567,69.08,72,96,4.05,overcast clouds
143,East London,ZA,-33.0153,27.9116,73.72,84,74,15.46,broken clouds
144,Hay River,CA,60.8156,-115.7999,5.0,61,0,4.61,clear sky
145,Itacarambi,BR,-15.1022,-44.0919,74.14,72,100,1.45,light rain
146,Nome,US,64.5011,-165.4064,19.4,58,90,9.22,overcast clouds
147,Yellowknife,CA,62.456,-114.3525,-5.01,77,1,9.22,clear sky
148,Cururupu,BR,-1.8283,-44.8683,76.96,90,100,3.71,overcast clouds
149,Bontang,ID,0.1333,117.5,79.86,72,100,2.73,overcast clouds
150,Inta,RU,66.0317,60.1659,-9.62,85,100,14.09,overcast clouds
151,Thompson,CA,55.7435,-97.8558,-2.2,71,20,5.75,few clouds
152,Aktau,KZ,43.65,51.2,39.2,75,90,2.24,overcast clouds
153,Shadrinsk,RU,56.0852,63.6335,13.21,92,15,16.46,few clouds
154,Bathsheba,BB,13.2167,-59.5167,78.8,69,40,23.02,scattered clouds
155,Husavik,IS,66.0449,-17.3389,39.2,75,40,11.5,moderate rain
156,Dongzhen,CN,22.3797,110.9389,67.66,65,0,0.45,clear sky
157,Vestmannaeyjar,IS,63.4427,-20.2734,41.88,81,100,4.94,overcast clouds
158,Angoche,MZ,-16.2325,39.9086,79.59,79,100,14.79,overcast clouds
159,Butajira,ET,8.1167,38.3667,59.9,45,43,4.5,scattered clouds
160,Karakol,KG,42.4907,78.3936,25.56,82,0,5.59,clear sky
161,Tecate,MX,32.5667,-116.6333,60.01,61,100,3.0,overcast clouds
162,Melfi,IT,40.9965,15.6514,26.01,80,75,16.11,broken clouds
163,Ilulissat,GL,69.2167,-51.1,8.6,56,90,10.36,overcast clouds
164,New Ulm,US,44.3125,-94.4605,-13.0,58,1,8.05,clear sky
165,Avarua,CK,-21.2078,-159.775,86.0,74,80,9.22,broken clouds
166,Mar Del Plata,AR,-38.0023,-57.5575,69.01,94,75,3.44,broken clouds
167,Hithadhoo,MV,-0.6,73.0833,82.4,75,1,7.87,clear sky
168,Pouebo,NC,-20.4,164.5667,83.35,68,49,5.12,scattered clouds
169,Bonavista,CA,48.6499,-53.1147,21.99,73,100,8.05,overcast clouds
170,Kryve Ozero,UA,47.9524,30.3493,12.83,96,18,5.61,few clouds
171,Namatanai,PG,-3.6667,152.4333,85.26,69,61,7.14,broken clouds
172,Port Lincoln,AU,-34.7333,135.8667,68.31,70,4,11.86,clear sky
173,Noumea,NC,-22.2763,166.4572,88.0,66,0,8.05,clear sky
174,Pinotepa Nacional,MX,16.3167,-98.0167,69.53,66,0,4.63,clear sky
175,Do Gonbadan,IR,30.3586,50.7981,44.6,70,0,1.36,clear sky
176,Adrar,MR,20.5022,-10.0711,66.16,24,0,12.97,clear sky
177,Ust-Kuyga,RU,70.0167,135.6,-12.28,85,100,5.57,overcast clouds
178,Kununurra,AU,-15.7667,128.7333,84.2,89,90,4.61,overcast clouds
179,Baykit,RU,61.67,96.37,-31.81,77,0,1.45,clear sky
180,Ust-Barguzin,RU,53.45,108.9833,-7.26,89,98,3.58,overcast clouds
181,Totness,SR,5.8833,-56.3167,77.86,79,76,14.2,broken clouds
182,Durban,ZA,-29.8579,31.0292,78.01,94,20,1.14,moderate rain
183,Chase,CA,50.8165,-119.6857,30.2,50,96,1.14,overcast clouds
184,Tual,ID,-5.6667,132.75,82.71,75,100,12.71,light rain
185,Camacha,PT,33.0833,-16.3333,57.2,88,20,3.44,few clouds
186,Bengkulu,ID,-3.8004,102.2655,79.0,82,1,4.79,clear sky
187,Port Elizabeth,ZA,-33.918,25.5701,68.0,94,40,18.41,scattered clouds
188,Nelson Bay,AU,-32.7167,152.15,72.0,64,90,23.02,overcast clouds
189,Ribeira Grande,PT,38.5167,-28.7,54.05,74,100,27.87,overcast clouds
190,Mantua,IT,45.1667,10.7833,28.0,77,0,4.29,clear sky
191,Bilma,NE,18.6853,12.9164,69.57,22,0,10.47,clear sky
192,Kaili,ID,-3.4626,120.2147,75.81,74,100,1.01,overcast clouds
193,Salgado,BR,-11.0319,-37.475,80.6,65,20,11.5,few clouds
194,Moose Factory,CA,51.2585,-80.6094,-7.6,77,1,4.61,clear sky
195,Bolgatanga,GH,10.7856,-0.8514,82.13,14,2,5.79,clear sky
196,Nisia Floresta,BR,-6.0911,-35.2086,80.6,78,40,10.36,scattered clouds
197,Terrace Bay,CA,48.7834,-87.1,-4.0,77,78,4.61,broken clouds
198,Tasiilaq,GL,65.6145,-37.6368,30.2,80,90,3.44,overcast clouds
199,Matamoros,MX,25.5333,-103.25,80.6,7,75,20.71,broken clouds
200,Padang,ID,-0.9492,100.3543,78.8,94,40,1.14,scattered clouds
201,Alta Floresta,BR,-9.8756,-56.0861,69.94,99,100,1.7,overcast clouds
202,Aykhal,RU,66.0,111.5,-29.52,82,100,9.1,overcast clouds
203,Mayo,US,38.8876,-76.5119,35.6,87,90,3.44,mist
204,Gavle,SE,60.6745,17.1417,19.99,91,0,4.12,clear sky
205,Paamiut,GL,61.994,-49.6678,9.01,89,37,12.77,scattered clouds
206,Saint-Philippe,RE,-21.3585,55.7679,77.0,73,0,3.44,clear sky
207,La Victoria,VE,10.2184,-67.3302,80.6,61,40,8.05,scattered clouds
208,Villa Guerrero,MX,18.8667,-99.65,80.6,18,1,4.61,clear sky
209,Hamilton,US,39.1834,-84.5333,24.01,68,90,11.5,overcast clouds
210,Sanjwal,PK,33.7608,72.4336,51.01,70,0,3.78,clear sky
211,Trincomalee,LK,8.5711,81.2335,78.48,76,12,9.19,few clouds
212,Provideniya,RU,64.3833,-173.3,14.0,73,75,13.42,broken clouds
213,Hami,CN,42.8,93.45,27.93,85,35,3.29,scattered clouds
214,Kruisfontein,ZA,-34.0033,24.7314,69.01,82,99,4.0,overcast clouds
215,Guerrero Negro,MX,27.9769,-114.0611,59.54,67,52,19.17,broken clouds
216,Viedma,AR,-40.8135,-62.9967,64.0,74,96,20.78,overcast clouds
217,Igarka,RU,67.4667,86.5833,-33.54,78,0,7.45,clear sky
218,Kolosovka,RU,56.4678,73.611,25.65,95,95,16.82,overcast clouds
219,Amparafaravola,MG,-17.5833,48.2167,66.38,95,100,1.83,overcast clouds
220,Colares,PT,38.7992,-9.4469,55.99,61,10,7.18,clear sky
221,Rio Grande,BR,-32.035,-52.0986,68.0,96,100,4.59,overcast clouds
222,Kananga,CD,-5.8958,22.4178,70.88,85,84,1.9,broken clouds
223,Warrnambool,AU,-38.3833,142.4833,65.73,62,100,9.89,overcast clouds
224,Aswan,EG,24.0934,32.907,61.47,31,0,10.4,clear sky
225,Longyearbyen,SJ,78.2186,15.6401,17.6,73,75,3.44,broken clouds
226,Skovorodino,RU,53.9833,123.9167,-11.87,86,100,5.7,overcast clouds
227,Emerald,AU,-23.5333,148.1667,84.2,70,75,12.66,broken clouds
228,Marawi,PH,7.9986,124.2928,80.01,80,66,5.99,broken clouds
229,Timra,SE,62.487,17.3257,16.0,100,0,3.44,clear sky
230,Sola,VU,-13.8833,167.55,86.0,79,75,12.37,broken clouds
231,Ozuluama,MX,21.6667,-97.85,58.8,88,99,9.33,overcast clouds
232,Tautira,PF,-17.7333,-149.15,86.0,70,40,13.8,light rain
233,Lata,PT,40.1629,-8.3327,50.0,87,100,4.88,overcast clouds
234,Kahului,US,20.8947,-156.47,82.4,54,40,13.8,scattered clouds
235,Lasa,IT,46.6166,10.7002,19.99,67,0,8.05,clear sky
236,Okha,RU,53.5739,142.9478,9.36,93,0,6.29,clear sky
237,Ardakan,IR,32.31,54.0175,44.6,26,0,6.91,clear sky
238,La Tuque,CA,47.4334,-72.7824,17.6,73,49,2.3,scattered clouds
239,Marshalltown,US,42.0494,-92.908,-9.0,64,90,12.66,overcast clouds
240,Dingle,PH,10.9995,122.6711,78.01,87,100,5.46,overcast clouds
241,Chokwe,MZ,-24.5333,32.9833,75.58,94,100,5.99,light rain
242,Souillac,MU,-20.5167,57.5167,73.4,94,40,5.28,scattered clouds
243,Kavieng,PG,-2.5744,150.7967,85.75,67,51,7.43,broken clouds
244,Yar-Sale,RU,66.8333,70.8333,-23.89,86,100,15.46,overcast clouds
245,Santa Catarina Mita,GT,14.45,-89.75,84.2,39,20,3.33,few clouds
246,Mubende,UG,0.5606,31.39,63.91,87,100,1.1,overcast clouds
247,Paita,PE,-5.0892,-81.1144,74.68,79,16,14.61,few clouds
248,Norsup,VU,-16.0667,167.3833,85.89,69,100,4.99,light rain
249,Maceio,BR,-9.6658,-35.7353,78.8,83,0,5.75,clear sky
250,Porto Novo,BJ,6.4965,2.6036,84.2,84,40,12.66,scattered clouds
251,Mirnyy,RU,62.5353,113.9611,-34.4,82,0,5.88,clear sky
252,Linhai,CN,28.85,121.1167,61.0,75,0,5.3,clear sky
253,Coihaique,CL,-45.5752,-72.0662,60.8,48,0,4.61,clear sky
254,Ahipara,NZ,-35.1667,173.1667,71.53,86,100,17.85,overcast clouds
255,San Ignacio,BZ,17.1561,-89.0714,84.2,74,20,3.27,few clouds
256,Saint-Joseph,RE,-21.3667,55.6167,77.0,73,0,3.44,clear sky
257,Yulara,AU,-25.2406,130.9889,84.2,24,44,18.41,scattered clouds
258,Jiwani,PK,25.05,61.7417,70.05,73,0,9.84,clear sky
259,Bhum,IN,18.4667,75.6667,66.9,35,0,4.7,clear sky
260,Fort Nelson,CA,58.8053,-122.7002,-7.6,77,20,5.75,few clouds
261,Fenoarivo,MG,-18.933,47.4354,62.6,94,75,2.3,broken clouds
262,Silver City,US,32.7701,-108.2803,23.0,93,90,8.05,light snow
263,Ghansor,IN,22.65,79.95,58.73,40,0,3.22,clear sky
264,Vila,PT,42.0304,-8.1588,48.0,79,99,5.28,overcast clouds
265,Mitu,CO,1.1983,-70.1733,74.73,95,100,1.88,overcast clouds
266,Tema,GH,5.667,-0.0166,82.4,89,20,9.22,few clouds
267,Yeppoon,AU,-23.1333,150.7333,86.0,48,20,10.36,few clouds
268,Harper,LR,4.375,-7.7169,78.78,88,100,6.08,overcast clouds
269,Jampur,PK,29.6441,70.5954,57.02,37,0,5.64,clear sky
270,Makakilo City,US,21.3469,-158.0858,82.4,57,75,10.36,broken clouds
271,Poum,NC,-20.2333,164.0167,79.95,76,2,5.1,clear sky
272,Homa Bay,KE,-0.5273,34.4571,69.6,64,41,5.7,scattered clouds
273,Katobu,ID,-4.9408,122.5276,83.28,71,97,8.41,overcast clouds
274,Sioux Lookout,CA,50.1001,-91.917,-16.6,58,20,4.61,few clouds
275,Taltal,CL,-25.4,-70.4833,65.79,76,6,4.88,clear sky
276,Iskateley,RU,67.6803,53.1512,-20.88,87,100,9.64,overcast clouds
277,Katsuura,JP,35.1333,140.3,60.8,100,75,4.61,mist
278,Uzhur,RU,55.3036,89.8339,10.11,95,100,4.94,light snow
279,Taoudenni,ML,22.6783,-3.9836,70.05,24,0,24.96,clear sky
280,Kresttsy,RU,58.2452,32.5165,-6.52,91,62,4.63,broken clouds
281,Tupik,RU,54.4253,119.9327,-14.37,86,100,4.0,overcast clouds
282,Inhambane,MZ,-23.865,35.3833,79.77,86,99,9.57,light rain
283,Marystown,CA,47.1666,-55.1483,25.95,95,100,14.16,overcast clouds
284,Luderitz,NA,-26.6481,15.1594,66.88,70,0,19.46,clear sky
285,Quatre Cocos,MU,-20.2078,57.7625,75.99,94,40,5.84,scattered clouds
286,Teofilo Otoni,BR,-17.8575,-41.5053,71.08,84,100,1.43,moderate rain
287,Lake City,US,30.1897,-82.6393,51.8,100,90,4.61,fog
288,Kuznechnoye,RU,61.12,29.8686,-0.99,86,1,4.38,clear sky
289,North Bend,US,43.4065,-124.2243,51.8,82,90,14.97,overcast clouds
290,Lodja,CD,-3.4833,23.4333,71.28,89,100,1.39,overcast clouds
291,Banda Aceh,ID,5.5577,95.3222,79.52,77,0,13.0,clear sky
292,Ancud,CL,-41.8697,-73.8203,55.99,62,0,6.91,clear sky
293,Moura,PT,38.1401,-7.4486,51.8,82,0,5.75,clear sky
294,Hun,LY,29.1268,15.9477,50.09,76,0,15.7,clear sky
295,Hasaki,JP,35.7333,140.8333,57.2,94,75,16.11,moderate rain
296,Codrington,AU,-38.2667,141.9667,68.47,57,100,10.87,overcast clouds
297,Tokonou,GN,9.65,-9.7833,76.06,70,1,6.96,clear sky
298,Joshimath,IN,30.5667,79.5667,42.51,53,77,5.88,broken clouds
299,Champerico,GT,14.3,-91.9167,84.2,61,20,6.91,few clouds
300,Ketchikan,US,55.3422,-131.6461,33.8,93,90,3.44,light snow
301,Bloomfield,US,40.8068,-74.1854,37.4,60,40,2.62,scattered clouds
302,Bridlington,GB,54.0831,-0.1919,37.0,88,100,5.99,overcast clouds
303,Lac Du Bonnet,CA,50.2536,-96.0612,-27.13,84,0,4.94,clear sky
304,Talcahuano,CL,-36.7167,-73.1167,66.2,59,0,12.66,clear sky
305,Kysyl-Syr,RU,63.8986,122.7617,-20.34,86,100,6.58,overcast clouds
306,Oistins,BB,13.0667,-59.5333,78.8,69,40,23.02,scattered clouds
307,Ponta Do Sol,PT,32.6667,-17.1,55.0,73,16,3.0,few clouds
308,Anjar,IN,23.1333,70.0167,60.64,87,0,5.39,clear sky
309,Great Falls,US,47.5002,-111.3008,-6.0,71,90,8.05,overcast clouds
310,Vila Velha,BR,-20.3297,-40.2925,79.0,73,0,8.05,moderate rain
311,Buin,CL,-33.7333,-70.75,73.99,68,0,9.22,clear sky
312,Niono,ML,14.2526,-5.993,76.06,17,0,4.56,clear sky
313,Walvis Bay,NA,-22.9575,14.5053,65.19,78,0,12.21,clear sky
314,Cidreira,BR,-30.1811,-50.2056,72.99,84,84,6.29,broken clouds
315,Mount Gambier,AU,-37.8333,140.7667,66.2,63,100,12.66,overcast clouds
316,Longyan,CN,25.1072,117.0225,60.87,58,0,3.11,clear sky
317,Lazaro Cardenas,MX,17.9583,-102.2,71.69,71,2,7.29,clear sky
318,Kathmandu,NP,27.7167,85.3167,48.2,100,20,3.44,mist
319,Kungurtug,RU,50.5994,97.5228,10.42,92,100,1.54,light snow
320,Zomin,UZ,39.9606,68.3958,46.31,50,0,2.71,clear sky
321,Antalya,TR,36.7741,30.7178,51.8,93,40,4.61,scattered clouds
322,Kaitangata,NZ,-46.2817,169.8464,60.01,81,100,5.01,overcast clouds
323,Hobyo,SO,5.3505,48.5268,75.94,80,9,14.18,clear sky
324,Newcastle,AU,-32.9272,151.7765,73.99,64,90,23.02,overcast clouds
325,Amazar,RU,53.858,120.875,-11.99,83,99,4.52,overcast clouds
326,Hambantota,LK,6.1241,81.1185,73.4,100,0,5.75,clear sky
327,Leningradskiy,RU,69.3833,178.4167,-13.38,85,0,4.79,clear sky
328,Haapiti,PF,-17.5667,-149.8667,86.0,70,40,13.8,scattered clouds
329,Sandpoint,US,48.2766,-116.5533,23.0,50,40,3.44,scattered clouds
330,Ormara,PK,25.2088,64.6357,69.71,66,0,8.19,clear sky
331,Vidim,RU,56.4088,103.1106,-23.73,85,0,1.79,clear sky
332,Rypefjord,NO,70.6333,23.6667,32.0,100,75,9.22,light snow
333,Kiruna,SE,67.8557,20.2251,23.0,80,90,8.05,overcast clouds
334,Chagoda,RU,59.164,35.3285,-11.25,89,26,5.23,scattered clouds
335,Kattivakkam,IN,13.2167,80.3167,69.8,88,20,4.88,mist
336,Erdenet,MN,49.0333,104.0833,0.93,92,100,8.19,overcast clouds
337,Eureka,US,40.8021,-124.1637,50.0,94,100,1.01,overcast clouds
338,Isangel,VU,-19.55,169.2667,86.0,84,75,4.99,broken clouds
339,Sorland,NO,67.667,12.6934,36.19,80,23,6.73,few clouds
340,Maneadero,MX,31.7167,-116.5667,60.01,78,90,4.0,overcast clouds
341,Jiazi,CN,22.8779,116.067,66.94,60,0,6.35,clear sky
342,Srednekolymsk,RU,67.45,153.6833,-18.56,85,17,12.86,few clouds
343,Brae,GB,60.3964,-1.353,44.6,87,90,23.02,overcast clouds
344,Lorengau,PG,-2.0226,147.2712,85.05,71,100,6.98,overcast clouds
345,Haines Junction,CA,60.7522,-137.5108,-4.0,50,32,0.27,scattered clouds
346,Tiznit,MA,29.5833,-9.5,63.27,30,0,5.28,clear sky
347,Muslyumovo,RU,55.3033,53.1947,4.62,92,100,11.23,overcast clouds
348,Qaqortoq,GL,60.7167,-46.0333,30.2,74,75,5.75,broken clouds
349,Pacifica,US,37.6138,-122.4869,54.0,93,90,9.22,mist
350,Sao Gabriel Da Cachoeira,BR,-0.1303,-67.0892,75.31,96,100,1.39,overcast clouds
351,Khash,IR,28.2211,61.2158,47.41,45,0,4.09,clear sky
352,Lovozero,RU,68.005,35.0117,5.81,93,5,10.16,clear sky
353,Port Victoria,KE,0.0939,33.9756,73.17,70,69,4.65,light rain
354,Trinidad,BO,-14.8333,-64.9,75.81,92,100,3.4,overcast clouds
355,Cabo San Lucas,MX,22.8909,-109.9124,75.2,68,20,21.85,few clouds
356,Creston,US,41.0586,-94.3614,-9.4,64,90,12.66,overcast clouds
357,Sao Jose Da Coroa Grande,BR,-8.8978,-35.1478,78.53,84,59,9.44,light rain
358,Kuytun,RU,54.3419,101.5036,-17.18,88,0,5.66,clear sky
359,Solntsevo,RU,51.4185,36.7499,1.02,93,100,5.77,overcast clouds
360,Neryungri,RU,56.6709,124.6491,-18.08,84,100,7.09,overcast clouds
361,Marsh Harbour,BS,26.5412,-77.0636,75.72,88,0,13.94,clear sky
362,Karratha,AU,-20.7377,116.8463,83.23,65,98,6.55,overcast clouds
363,Izhma,RU,65.0083,53.9113,-13.79,89,100,5.53,light snow
364,Simplicio Mendes,BR,-7.8539,-41.9103,73.2,92,100,4.18,overcast clouds
365,Yeovil,GB,50.9416,-2.6321,48.2,100,75,13.8,broken clouds
366,Lazurne,UA,46.084,32.5295,25.48,94,90,8.05,overcast clouds
367,Sawankhalok,TH,17.316,99.8319,78.01,83,20,2.3,mist
368,Saint George,US,37.1041,-113.5841,50.0,29,1,12.66,clear sky
369,Westport,US,41.1415,-73.3579,35.6,75,90,3.53,overcast clouds
370,Koungou,YT,-12.7336,45.2042,82.4,83,75,6.91,light rain
371,Sao Desiderio,BR,-12.3633,-44.9733,71.44,86,100,2.37,light rain
372,Whitehorse,CA,60.7161,-135.0538,-0.99,65,1,3.51,clear sky
373,Kushnarenkovo,RU,55.105,55.3508,3.2,78,0,11.18,clear sky
374,Mtsamboro,YT,-12.6998,45.0689,82.4,83,75,6.91,light rain
375,Matagami,CA,49.7502,-77.6328,-4.0,92,1,6.91,clear sky
376,Manokwari,ID,-0.8667,134.0833,83.43,69,77,5.77,broken clouds
377,Ixtapa,MX,20.7,-105.2,71.6,68,90,3.44,overcast clouds
378,Nishihara,JP,26.1842,127.7558,68.0,52,75,21.85,broken clouds
379,Comodoro Rivadavia,AR,-45.8667,-67.5,59.0,63,0,11.5,clear sky
380,Chumikan,RU,54.7183,135.315,1.71,91,100,10.16,overcast clouds
381,Ajdabiya,LY,30.7554,20.2263,57.25,79,40,9.24,scattered clouds
382,Verkhnevilyuysk,RU,63.4453,120.3167,-23.03,86,100,6.8,overcast clouds
383,Celestun,MX,20.8667,-90.4,74.25,79,0,6.4,clear sky
384,San Cristobal,VE,7.7669,-72.225,68.36,84,88,0.65,overcast clouds
385,Nantucket,US,41.2835,-70.0995,37.0,93,90,10.36,overcast clouds
386,Dauriya,RU,49.9333,116.8667,-10.61,89,100,0.07,overcast clouds
387,Ojinaga,MX,29.5667,-104.4167,21.2,63,90,12.17,overcast clouds
388,Vesoul,FR,47.5833,5.8333,35.01,69,0,8.05,clear sky
389,Kumluca,TR,36.3703,30.2869,54.03,70,90,2.62,light rain
390,Brooks,CA,50.5834,-111.8851,-2.2,65,82,11.5,broken clouds
391,Yerbogachen,RU,61.2767,108.0108,-37.21,81,4,2.98,clear sky
392,Port Hardy,CA,50.6996,-127.4199,41.0,75,90,27.63,light snow
393,Orsha,BY,54.5153,30.4053,4.71,95,79,6.93,broken clouds
394,Fukue,JP,32.6881,128.8419,55.4,76,75,11.5,broken clouds
395,Chicama,PE,-7.8447,-79.1469,75.38,65,23,6.38,few clouds
396,Petropavlovsk-Kamchatskiy,RU,53.0452,158.6483,17.6,62,75,6.71,broken clouds
397,Atar,MR,20.5169,-13.0499,68.63,23,0,11.23,clear sky
398,Rocha,UY,-34.4833,-54.3333,67.8,92,98,3.47,overcast clouds
399,Klaksvik,FO,62.2266,-6.589,44.6,93,90,21.85,overcast clouds
400,El Reno,US,35.5323,-97.955,3.0,78,90,29.93,haze
401,Rawson,AR,-43.3002,-65.1023,59.54,60,0,21.27,clear sky
402,Aripuana,BR,-9.1667,-60.6333,73.08,98,89,1.95,overcast clouds
403,Bubaque,GW,11.2833,-15.8333,76.68,71,100,12.93,overcast clouds
404,Yaan,NG,7.3833,8.5667,80.65,70,0,10.25,clear sky
405,Tecpan,GT,14.7623,-90.9947,68.0,68,20,11.5,few clouds
406,Canico,PT,32.6333,-16.85,57.2,82,0,5.75,clear sky
407,Sabang,ID,5.8933,95.3214,83.03,73,0,15.84,clear sky
408,Olinda,BR,-8.0089,-34.8553,78.8,73,40,6.91,scattered clouds
409,Pipri,IN,19.8,75.5333,64.4,68,40,3.91,haze
410,Hokitika,NZ,-42.7167,170.9667,65.46,67,100,6.26,overcast clouds
411,Tsiroanomandidy,MG,-18.7667,46.0333,66.52,94,100,1.81,overcast clouds
412,Najran,SA,17.4924,44.1277,57.2,33,0,2.3,clear sky
413,Palmer,US,42.1584,-72.3287,30.99,71,100,1.01,overcast clouds
414,Kargopol,RU,61.5071,38.9456,-10.37,89,0,6.24,clear sky
415,Sorong,ID,-0.8833,131.25,83.26,73,100,3.49,overcast clouds
416,Barra,BR,-11.0894,-43.1417,78.48,60,99,0.67,overcast clouds
417,Jiujiang,CN,29.7333,115.9833,58.12,68,32,1.88,scattered clouds
418,Houlton,US,46.1262,-67.8403,12.99,85,20,3.09,few clouds
419,Talnakh,RU,69.4865,88.3972,-30.44,82,18,7.4,few clouds
420,Huicungo,PE,-7.2833,-76.8,74.05,92,100,1.83,overcast clouds
421,Saint-Paul-Les-Dax,FR,43.7272,-1.0516,45.0,81,54,6.91,broken clouds
422,Pryluky,UA,50.5932,32.3876,3.07,94,0,3.31,clear sky
423,Grand Gaube,MU,-20.0064,57.6608,75.99,83,100,1.99,overcast clouds
424,Beloha,MG,-25.1667,45.05,74.98,73,100,9.37,overcast clouds
425,Puerto Escondido,MX,15.85,-97.0667,78.8,78,1,9.22,clear sky
426,Tuy Hoa,VN,13.0833,109.3,68.56,79,100,5.1,overcast clouds
427,Kichera,RU,55.9375,110.0997,-11.33,77,60,6.29,broken clouds
428,Chaman,PK,30.9236,66.4512,48.6,43,0,2.93,clear sky
429,Phalodi,IN,27.1333,72.3667,64.02,28,18,7.45,few clouds
430,Komsomolskiy,UZ,40.4272,71.7189,37.4,70,100,4.61,overcast clouds
431,Mount Isa,AU,-20.7333,139.5,87.8,62,75,9.22,broken clouds
432,Guanagazapa,GT,14.2253,-90.6433,82.4,65,1,4.61,clear sky
433,Te Anau,NZ,-45.4167,167.7167,65.86,58,9,4.07,clear sky
434,High Level,CA,58.5169,-117.136,5.0,56,20,10.36,few clouds
435,Abalak,RU,58.1286,68.5944,8.67,96,0,6.49,clear sky
436,Pisco,PE,-13.7,-76.2167,71.6,78,0,20.71,clear sky
437,Sindor,RU,62.8629,51.8905,-10.19,90,100,7.83,overcast clouds
438,Grindavik,IS,63.8424,-22.4338,37.4,87,75,4.61,broken clouds
439,Kuruman,ZA,-27.4524,23.4325,68.0,56,7,3.0,clear sky
440,Rurrenabaque,BO,-14.4413,-67.5278,73.18,87,100,1.3,overcast clouds
441,Lida,BY,53.8833,25.2997,10.35,96,49,8.46,scattered clouds
442,Sao Joao Da Barra,BR,-21.6403,-41.0511,76.87,88,100,13.65,overcast clouds
443,Atagay,RU,55.1033,99.3875,-14.22,88,84,0.67,broken clouds
444,Kem,RU,64.9555,34.5793,-9.2,90,0,6.08,clear sky
445,Iwanai,JP,42.9744,140.5089,39.11,91,100,7.38,light rain
446,Havre-Saint-Pierre,CA,50.2334,-63.5986,10.4,85,75,8.05,light snow
447,Pochinok,RU,54.4068,32.4407,4.03,95,94,6.13,light snow
448,Vila Franca Do Campo,PT,37.7167,-25.4333,59.0,72,20,26.46,few clouds
449,Cairns,AU,-16.9167,145.7667,87.8,70,40,4.61,scattered clouds
450,Altamont,US,42.2068,-121.7372,37.0,87,90,3.44,overcast clouds
451,Zhuhai,CN,22.2769,113.5678,69.01,88,0,9.22,mist
452,Saint-Pierre,RE,-21.3393,55.4781,77.0,73,0,3.44,clear sky
453,Yaviza,PA,8.1537,-77.6931,76.62,78,92,1.72,overcast clouds
454,Nagornyy,RU,52.7959,83.5498,17.6,73,75,6.71,broken clouds
455,Okhotsk,RU,59.3833,143.3,4.53,89,100,3.89,overcast clouds
456,Sidi Ali,DZ,36.0998,0.4206,49.06,80,16,8.48,few clouds
457,Aitape,PG,-3.1374,142.3475,80.13,81,100,3.11,very heavy rain
458,Marzuq,YE,14.4,46.4667,56.71,47,28,1.9,scattered clouds
459,Chamba,IN,32.5667,76.1333,51.53,38,0,9.6,clear sky
460,Iqaluit,CA,63.7506,-68.5145,-4.0,71,90,5.75,light snow
461,Sibut,CF,5.718,19.0739,75.24,29,91,2.98,overcast clouds
462,Omsukchan,RU,62.5333,155.8,-22.11,82,3,3.74,clear sky
463,Torres,BR,-29.3353,-49.7269,72.95,84,100,3.11,light rain
464,Hovd,MN,48.0056,91.6419,8.44,87,0,1.66,clear sky
465,Byron Bay,AU,-28.65,153.6167,73.4,73,90,12.66,light rain
466,Clyde River,CA,70.4692,-68.5914,-14.8,84,91,4.61,overcast clouds
467,Faanui,PF,-16.4833,-151.75,82.35,71,1,9.15,clear sky
468,Veraval,IN,20.9,70.3667,66.83,84,0,9.35,clear sky
469,Zhumadian,CN,32.9794,114.0294,43.14,63,100,14.12,light rain
470,Alexandria,EG,31.2156,29.9553,48.2,87,0,3.44,clear sky
471,Sibolga,ID,1.7427,98.7792,79.39,74,37,2.91,scattered clouds
472,Puerto Madryn,AR,-42.7692,-65.0385,59.65,62,42,22.75,scattered clouds
473,Doka,SD,13.5167,35.7667,74.48,34,0,9.98,clear sky
474,Yenagoa,NG,4.9247,6.2642,77.63,90,0,4.5,clear sky
475,Belyy Yar,RU,53.6039,91.3903,8.6,85,90,4.47,light snow
476,Hanzhong,CN,33.0728,107.0303,48.49,48,100,2.21,light rain
477,Acapulco,MX,16.8634,-99.8901,78.8,57,1,6.91,clear sky
478,Prince Rupert,CA,54.3161,-130.3201,35.6,87,90,2.3,light rain
479,Waipawa,NZ,-41.4122,175.5153,69.01,82,100,8.05,moderate rain
480,Lompoc,US,34.6391,-120.4579,57.2,62,1,20.71,clear sky
481,Kendari,ID,-3.945,122.4989,83.59,66,100,3.69,moderate rain
482,Beringovskiy,RU,63.05,179.3167,0.48,87,100,23.76,overcast clouds
483,Ewo,CG,-0.8725,14.8206,77.94,74,100,7.43,overcast clouds
484,La Ronge,CA,55.1001,-105.2842,-7.6,64,0,3.44,clear sky
485,Fitchburg,US,42.5834,-71.8023,30.99,60,100,2.1,overcast clouds
486,Teknaf,BD,20.8624,92.3058,64.13,70,0,4.41,clear sky
487,Salalah,OM,17.0151,54.0924,68.0,52,0,4.61,clear sky
488,Luanda,AO,-8.8368,13.2343,78.8,78,75,4.61,broken clouds
489,Gostyn,PL,51.8825,17.0123,21.2,86,90,8.05,overcast clouds
490,Mangai,CD,-4.05,19.5333,71.19,96,91,1.81,light rain
491,Serebryanyy Bor,RU,56.8,124.8,-18.35,85,100,5.86,overcast clouds
492,Tura,IN,25.5198,90.2201,60.49,47,0,2.84,clear sky
493,Aden,YE,12.7794,45.0367,75.79,68,39,14.07,scattered clouds
494,Smithers,CA,54.7804,-127.1743,17.6,86,90,2.3,light snow
495,Windhoek,NA,-22.5594,17.0832,64.4,68,15,3.44,few clouds
496,Zhigansk,RU,66.7697,123.3711,-24.75,85,100,6.71,overcast clouds
497,Torbat-E Jam,IR,35.244,60.6225,44.78,56,0,2.48,clear sky
498,Coos Bay,US,43.3665,-124.2179,51.8,82,90,14.97,overcast clouds
499,Cintalapa,MX,16.6951,-93.7272,66.25,48,0,5.12,clear sky
500,Kavaratti,IN,10.5669,72.642,80.83,59,78,6.04,broken clouds
501,Urumqi,CN,43.801,87.6005,15.8,92,90,2.24,light snow
502,Caravelas,BR,-17.7125,-39.2481,76.05,81,100,7.18,overcast clouds
503,Dudinka,RU,69.4058,86.1778,-33.59,83,0,4.56,clear sky
504,Monroe,US,43.1501,-77.6831,21.0,73,75,3.27,broken clouds
505,Takoradi,GH,4.8845,-1.7554,79.29,88,14,9.13,few clouds
506,Garbolovo,RU,60.3413,30.4955,1.0,62,99,5.55,overcast clouds
507,Vicar,ES,36.8316,-2.6427,55.0,76,0,5.75,clear sky
508,Aklavik,CA,68.2191,-135.0107,-2.2,78,99,4.61,overcast clouds
509,Petaling Jaya,MY,3.1073,101.6067,80.01,83,20,1.14,few clouds
510,Tinyahuarco,PE,-10.75,-76.3,36.21,83,63,6.91,broken clouds
511,Brigantine,US,39.4101,-74.3646,34.0,93,90,4.61,mist
512,Vizinga,RU,61.0749,50.1031,-6.59,90,98,5.03,overcast clouds
513,Mnogovershinnyy,RU,53.9353,139.9242,3.58,94,77,4.99,broken clouds
514,Diffa,NE,13.3154,12.6113,70.57,21,0,8.99,clear sky
515,Naze,JP,28.3667,129.4833,68.0,64,75,21.85,broken clouds
516,Hakkari,TR,37.5833,44.1667,23.27,83,0,2.08,clear sky
517,Ziro,IN,27.6333,93.8333,40.6,100,39,2.91,scattered clouds
518,Kamenka,RU,51.3223,42.7678,-4.7,92,0,7.54,clear sky
519,Antofagasta,CL,-23.65,-70.4,69.8,64,20,9.22,few clouds
520,Moree,AU,-29.4667,149.85,82.4,28,0,11.5,clear sky
521,Oktyabrskiy,RU,54.4815,53.471,-1.35,91,84,10.56,broken clouds
522,Benton Harbor,US,42.1167,-86.4542,17.01,79,90,5.75,light snow
523,Yabrud,SY,33.9674,36.6574,41.0,75,0,6.91,clear sky
524,Hofn,IS,64.2539,-15.2082,42.6,92,100,12.91,overcast clouds
525,Saint-Ambroise,CA,48.5501,-71.3324,10.0,78,98,4.61,overcast clouds
526,Pandan,PH,14.0453,124.1694,78.84,75,72,11.92,broken clouds
527,Sakaiminato,JP,35.55,133.2333,53.6,100,75,2.3,broken clouds
528,Saurimo,AO,-9.6608,20.3916,66.15,88,100,2.53,overcast clouds
529,Makasar,ID,-5.14,119.4221,78.8,94,40,3.44,scattered clouds
530,Freeport,US,40.6576,-73.5832,36.0,74,100,1.99,overcast clouds
531,Nadym,RU,65.5333,72.5167,-18.96,88,100,19.77,light snow
532,Coquimbo,CL,-29.9533,-71.3436,62.6,77,75,9.22,broken clouds
533,Bouillante,GP,16.1304,-61.7692,75.2,78,0,4.61,clear sky
534,Hammerfest,NO,70.6634,23.6821,32.0,100,75,9.22,light snow
535,Anchorage,US,61.2181,-149.9003,19.99,53,75,4.61,broken clouds
536,Kayanza,BI,-3.0667,29.6667,59.7,91,100,0.51,overcast clouds
537,Lincoln,US,40.8,-96.667,-7.01,59,90,14.97,overcast clouds
538,French Harbor,HN,16.35,-86.4333,80.6,83,0,9.22,clear sky
539,Shihezi,CN,44.3,86.0333,8.29,94,40,2.3,scattered clouds
540,Zambezi,ZM,-13.5432,23.1047,64.02,77,100,0.89,overcast clouds
541,Tecoanapa,MX,16.5167,-98.75,74.88,63,0,9.46,clear sky
542,Muzhi,RU,65.3667,64.6667,-20.6,87,100,15.55,light snow
543,Avera,US,33.194,-82.5271,42.8,95,90,5.75,overcast clouds
544,Kalmunai,LK,7.4167,81.8167,76.75,84,80,6.6,broken clouds
545,Ducheng,CN,23.2373,111.5317,68.25,63,0,1.95,clear sky
546,Kinshasa,CD,-4.3246,15.3215,76.15,82,100,2.62,overcast clouds
547,Flinders,AU,-34.5833,150.8552,73.0,53,75,19.57,broken clouds
548,Gairo,IT,39.8497,9.5047,41.0,42,75,31.07,broken clouds
549,Bodden Town,KY,19.2833,-81.25,80.6,78,20,6.91,few clouds
550,Krabi,TH,8.0726,98.9105,71.6,94,20,4.61,few clouds
551,Quelimane,MZ,-17.8786,36.8883,77.0,88,75,2.3,broken clouds
552,Gizo,SB,-8.103,156.8419,84.9,68,95,5.57,light rain
553,Ngunguru,NZ,-35.6167,174.5,73.0,98,94,18.01,overcast clouds
554,Medicine Hat,CA,50.0501,-110.6683,-2.0,65,75,3.44,broken clouds
555,Ziyang,CN,29.2497,117.8547,57.85,77,7,1.39,clear sky
556,Rudnogorsk,RU,57.2639,103.7519,-26.63,86,32,1.36,scattered clouds
557,Mpanda,TZ,-6.3655,31.0409,64.26,92,100,0.51,overcast clouds
558,Bulgan,MN,48.8125,103.5347,6.48,87,47,6.08,scattered clouds
559,Dhidhdhoo,MV,6.8833,73.1,80.38,65,48,8.34,scattered clouds
560,Kletskaya,RU,49.3145,43.0584,9.0,83,25,8.01,scattered clouds
561,Ulaanbaatar,MN,47.9077,106.8832,-5.8,77,40,3.94,light snow
562,Kushima,JP,31.4583,131.2333,62.6,67,40,26.46,scattered clouds
563,Concepcion,CL,-36.827,-73.0498,66.2,59,0,12.66,clear sky
564,Cantagallo,CO,7.376,-73.9196,79.95,74,99,1.54,overcast clouds
565,Carnarvon,AU,-24.8667,113.6333,80.6,100,0,8.05,clear sky
566,Mogadishu,SO,2.0371,45.3438,75.79,84,65,16.91,broken clouds
567,Mbandaka,CD,0.0487,18.2603,74.77,90,100,4.23,overcast clouds
568,Irati,BR,-25.4672,-50.6511,63.27,87,0,2.35,clear sky
569,Berlevag,NO,70.8578,29.0864,25.21,95,100,9.01,light snow
570,Timberlake,US,37.3207,-79.2575,35.6,87,90,6.91,light rain
571,Bahia Blanca,AR,-38.7196,-62.2724,69.42,81,100,11.63,overcast clouds
572,Bandar-E Lengeh,IR,26.5579,54.8807,60.8,94,0,4.61,mist
573,Ponta Delgada,PT,37.7333,-25.6667,59.0,72,20,26.46,few clouds
574,Portland,US,45.5234,-122.6762,33.01,86,90,13.8,light snow
575,Kula,TR,38.5473,28.6498,29.91,99,100,6.51,snow
576,Buala,SB,-8.145,159.5921,83.98,76,88,8.61,light rain
577,Nador,MA,35.174,-2.9287,59.0,82,90,8.05,overcast clouds
578,Monrovia,LR,6.3005,-10.7969,79.97,86,0,7.63,clear sky
579,Bay Roberts,CA,47.5999,-53.2648,23.0,80,99,8.12,overcast clouds
580,Kodiak,US,57.79,-152.4072,41.0,87,90,10.36,moderate rain
581,Port Moresby,PG,-9.4431,147.1797,86.0,74,40,5.75,scattered clouds
582,Namibe,AO,-15.1961,12.1522,72.73,81,91,10.96,overcast clouds
583,Tanout,NE,14.9709,8.8879,70.48,21,0,10.33,clear sky
584,Saraland,US,30.8207,-88.0706,44.01,88,77,1.99,broken clouds
585,Huilong,CN,31.8111,121.655,52.0,87,100,1.01,overcast clouds
586,Itatskiy,RU,56.07,89.0369,10.17,96,100,7.18,light snow
587,Nemuro,JP,43.3236,145.575,32.0,100,90,5.75,snow
588,Glenluce,GB,54.8798,-4.8084,43.0,97,11,14.23,few clouds
589,Tiarei,PF,-17.5333,-149.3333,86.0,70,40,13.8,scattered clouds
590,Argostolion,GR,38.1811,20.489,39.0,86,78,14.43,broken clouds
591,Kushiro,JP,42.975,144.3747,33.8,69,75,5.75,snow
592,Rawicz,PL,51.6095,16.8585,19.0,92,2,4.61,fog
593,Brownwood,US,31.7093,-98.9912,8.6,72,90,13.8,light snow
594,Fairbanks,US,64.8378,-147.7164,7.0,71,1,1.16,clear sky
595,Yermish,RU,54.7678,42.2711,-2.79,92,83,7.11,broken clouds
596,Libreville,GA,0.3925,9.4537,80.6,94,20,9.22,few clouds
597,Phonhong,LA,18.5007,102.4166,66.2,100,40,1.57,mist
598,Mundo Nuevo,MX,18.7,-95.5,71.44,84,63,7.47,broken clouds
599,Staryy Nadym,RU,65.6118,72.6842,-18.89,88,100,19.66,light snow
600,Oksbol,DK,55.6268,8.2876,33.01,47,90,10.36,overcast clouds
601,Saint-Francois,FR,46.4154,3.9054,30.0,86,0,3.44,clear sky
602,Caceres,ES,39.522,-6.3748,48.99,83,69,5.79,broken clouds
603,Kharp,RU,66.8014,65.8081,-15.05,87,100,11.97,light snow
604,Gladstone,AU,-23.85,151.25,84.2,51,40,11.5,light rain
605,Tezu,IN,27.9167,96.1667,62.83,48,22,2.86,few clouds
606,Tambopata,PE,-12.7333,-69.1833,72.54,99,100,1.77,overcast clouds
607,Weligama,LK,5.9667,80.4167,74.97,91,53,2.77,broken clouds
608,Caibarien,CU,22.5206,-79.4669,78.8,65,40,4.61,scattered clouds
609,Eirunepe,BR,-6.6603,-69.8736,75.97,90,100,2.08,overcast clouds
610,West Richland,US,46.3043,-119.3614,24.8,93,90,3.44,snow
611,Qeshm,IR,26.9581,56.2719,57.2,94,0,2.3,fog
612,Sao Filipe,CV,14.8961,-24.4956,70.88,76,100,6.06,overcast clouds
613,Shimoda,JP,34.6667,138.95,60.8,94,75,13.8,moderate rain
614,Khandyga,RU,62.6667,135.6,-11.16,89,98,2.15,overcast clouds
615,Carballo,ES,43.213,-8.691,59.0,47,0,18.41,clear sky
616,Tshikapa,CD,-6.4167,20.8,71.53,91,100,0.98,overcast clouds
617,Sehithwa,BW,-20.4667,22.7167,68.94,89,87,5.39,overcast clouds
618,Birao,CF,10.2849,22.7882,74.64,22,15,5.37,few clouds
619,Praya,CV,14.9215,-23.5087,69.8,68,20,17.27,few clouds
620,Ambovombe,MG,-25.1667,46.0833,75.31,79,95,13.6,overcast clouds
621,Klyuchi,RU,52.2667,79.1667,14.77,94,100,10.76,overcast clouds
622,Yatou,CN,37.15,122.3833,28.65,82,0,24.56,clear sky
623,Menongue,AO,-14.6585,17.691,59.0,66,49,3.04,scattered clouds
624,San Patricio,US,28.017,-97.5169,30.2,93,90,25.32,light rain
625,Hongjiang,CN,27.11,109.9956,57.29,81,85,2.68,overcast clouds
626,Kirkland Lake,CA,48.1446,-80.0377,-2.2,92,100,3.74,overcast clouds
627,Kirakira,SB,-10.4544,161.9205,85.57,72,86,10.76,overcast clouds
628,Cayenne,GF,4.9333,-52.3333,80.6,74,90,11.5,overcast clouds
629,Manono,CD,-7.3,27.4167,70.54,94,100,2.24,light rain
630,Margate,GB,51.3813,1.3862,39.99,68,100,8.01,overcast clouds
631,Zalantun,CN,48.0,122.7167,-5.33,82,0,7.0,clear sky
632,Port Hedland,AU,-20.3167,118.5667,84.2,70,90,11.5,overcast clouds
633,Villa Union,MX,23.2,-106.2333,71.6,60,20,4.61,few clouds
634,Lima,PE,-12.0432,-77.0282,73.4,73,0,14.97,clear sky
635,Tatawin,TN,32.9297,10.4518,46.4,53,52,9.22,broken clouds
636,Yining,CN,29.0361,114.5636,58.6,72,0,1.28,clear sky
637,Kozhevnikovo,RU,56.2589,83.9714,18.0,92,100,5.99,light snow
638,Malpe,IN,13.35,74.7167,73.4,88,100,6.91,mist
639,Nouadhibou,MR,20.931,-17.0347,66.2,68,0,18.41,clear sky
640,Balkanabat,TM,39.5108,54.3671,47.59,67,100,2.3,overcast clouds
641,Kinlochleven,GB,56.7115,-4.9661,48.0,90,99,5.12,overcast clouds
642,The Valley,AI,18.217,-63.0578,78.01,83,20,12.66,few clouds
643,Atocha,BO,-20.9333,-66.2333,56.17,35,37,5.17,scattered clouds
644,Ulladulla,AU,-35.35,150.4667,71.6,53,75,19.57,broken clouds
645,Wanning,CN,18.8003,110.3967,67.71,73,17,2.15,few clouds
646,Fernley,US,39.608,-119.2518,46.0,46,100,4.41,overcast clouds
647,Roald,NO,62.5833,6.1333,37.4,38,20,14.97,few clouds
648,Chabahar,IR,25.2919,60.643,69.37,64,0,11.1,clear sky
649,Bud,US,39.447,-86.1758,14.0,80,100,12.48,overcast clouds
650,Beisfjord,NO,68.3751,17.5988,28.4,93,90,3.44,light snow
651,Awjilah,LY,29.1081,21.2869,54.59,85,0,8.59,clear sky
652,Caninde,BR,-4.3589,-39.3117,74.88,86,98,2.37,overcast clouds
653,Half Moon Bay,US,37.4636,-122.4286,55.4,93,90,9.22,mist
654,Asau,RO,46.4333,26.4,21.99,68,90,4.38,overcast clouds
655,Arequipa,PE,-16.3989,-71.535,55.4,82,40,8.05,scattered clouds
656,Canjulao,PH,9.6605,124.3532,80.02,79,13,6.02,few clouds
657,Kilsyth,GB,55.976,-4.0592,43.0,89,1,1.01,clear sky
658,Prachuap Khiri Khan,TH,12.2167,99.75,73.4,83,0,3.44,clear sky
659,Nyurba,RU,63.2842,118.3319,-28.16,85,76,4.97,broken clouds
660,Ferme-Neuve,CA,46.7001,-75.4493,15.8,79,89,3.44,overcast clouds
661,Carutapera,BR,-1.195,-46.02,76.84,92,100,6.82,overcast clouds
662,Ossora,RU,59.2353,163.0719,7.27,93,99,5.95,overcast clouds
663,Raudeberg,NO,61.9875,5.1352,42.8,39,90,24.16,light rain
664,Panchagarh,BD,26.3313,88.562,59.94,50,0,3.44,clear sky
665,Itarema,BR,-2.9248,-39.9167,78.3,87,100,7.94,overcast clouds
666,Poya,NC,-21.35,165.15,84.4,64,49,3.96,scattered clouds
667,Batagay-Alyta,RU,67.8006,130.4114,-16.22,86,100,1.45,overcast clouds
668,Zheleznodorozhnyy,RU,55.7503,38.0042,3.2,72,0,11.18,clear sky
669,Mariinsk,RU,56.2139,87.7472,14.58,97,100,6.71,light snow
670,Along,IN,28.1667,94.7667,57.63,79,92,2.93,overcast clouds
671,Linjiang,CN,41.8069,126.9078,11.93,90,100,5.19,light snow
672,Aranda De Duero,ES,41.6704,-3.6892,42.57,75,100,5.75,overcast clouds
673,Gunjur,GM,13.2019,-16.7339,68.0,73,0,6.51,clear sky
674,Sabha,LY,27.0377,14.4283,53.22,64,0,15.61,clear sky
675,Qasigiannguit,GL,68.8193,-51.1922,8.6,56,90,10.36,overcast clouds
676,Port-Gentil,GA,-0.7193,8.7815,81.88,80,100,13.71,overcast clouds
677,Pointe-Noire,CG,-4.7761,11.8635,78.8,89,20,3.44,few clouds
678,Warburton,PK,31.55,73.8333,51.8,100,90,3.22,fog
679,Grajau,BR,-5.8194,-46.1386,74.46,94,100,2.53,overcast clouds
680,Garden City,US,42.3256,-83.331,21.0,63,90,11.5,overcast clouds
681,Kostomuksha,RU,64.571,30.5767,0.05,93,0,6.51,clear sky
682,Marana,US,32.4367,-111.2254,60.8,17,1,12.66,clear sky
683,Miandrivazo,MG,-19.5167,45.4667,73.4,91,100,1.34,light rain
